Rank,Name,Platform,Year,Genre,Publisher,NA_Sales,EU_Sales,JP_Sales,Other_Sales,Global_Sales
14378,Hajime no Ippo: The Fighting! (2014),PS3,2014.0,Sports,Namco Bandai Games,0.0,0.0,0.03,0.0,0.03
14260,Garfield: A Tale of Two Kitties,DS,2006.0,Platform,Game Factory,0.03,0.0,0.0,0.0,0.03
9891,ArmA III,PC,2013.0,Shooter,Bohemia Interactive,0.0,0.1,0.0,0.02,0.12
5958,RealSports Boxing,2600,1986.0,Sports,Atari,0.28,0.02,0.0,0.0,0.29
7095,Bratz: Girlz Really Rock,PS2,2008.0,Action,THQ,0.11,0.09,0.0,0.03,0.23
6060,"Sakura Wars 4: Koi Seyo,Otome",DC,2002.0,Adventure,Sega,0.0,0.0,0.29,0.0,0.29
13072,Child of Light,PS4,2014.0,Role-Playing,Ubisoft,0.0,0.01,0.04,0.0,0.05
3973,Babysitting Mama,Wii,2010.0,Simulation,505 Games,0.34,0.12,0.0,0.04,0.5
16137,Kikiite Hajimaru: Eigo Kaiwa Training - KikiTore,DS,2008.0,Misc,Benesse,0.0,0.0,0.01,0.0,0.01
5129,Dragonfire,2600,1981.0,Action,Imagic,0.35,0.02,0.0,0.0,0.37
3997,Alien: Isolation,XOne,2014.0,Shooter,Sega,0.22,0.24,0.0,0.04,0.5
14683,Ghostbusters (2016),PS4,2016.0,Action,Activision,0.02,0.0,0.0,0.01,0.03
10654,NHL 2K6,X360,2005.0,Sports,Take-Two Interactive,0.09,0.0,0.0,0.01,0.1
15467,Dino Dini's Kick Off Revival,PS4,2016.0,Sports,Avanquest,0.0,0.02,0.0,0.0,0.02
11064,Mimana Iyar Chronicle,PSP,2009.0,Role-Playing,GungHo,0.07,0.0,0.01,0.01,0.09
1580,Ratatouille,DS,2007.0,Action,THQ,0.5,0.62,0.0,0.14,1.26
9009,Derby Stallion Gold,3DS,2014.0,Sports,Kadokawa Shoten,0.0,0.0,0.14,0.0,0.14
15422,Zwei!!,PSP,2008.0,Role-Playing,Falcom Corporation,0.0,0.0,0.02,0.0,0.02
10696,CSI: Hard Evidence,X360,2007.0,Adventure,Ubisoft,0.07,0.02,0.0,0.01,0.1
1837,Guitar Hero Encore: Rocks The 80s,PS2,2007.0,Misc,RedOctane,0.92,0.04,0.0,0.15,1.11
5059,Saints Row: The Third,PC,2011.0,Action,THQ,0.16,0.16,0.0,0.06,0.38
14004,Fighting Vipers 2,DC,2000.0,Fighting,Sega,0.0,0.0,0.04,0.0,0.04
12964,Cities in Motion,PC,2011.0,Simulation,Paradox Interactive,0.0,0.04,0.0,0.01,0.05
10250,Famicom Mini: Famicom Tantei Club - Kieta Koukeisha Zenkouhen,GBA,2004.0,Adventure,Nintendo,0.0,0.0,0.11,0.0,0.11
7952,Pro Yaky? Spirits 2012,PS3,2012.0,Sports,Konami Digital Entertainment,0.0,0.0,0.19,0.0,0.19
15759,Turbo: Super Stunt Squad,Wii,2013.0,Sports,D3Publisher,0.0,0.02,0.0,0.0,0.02
8769,Kingdom Under Fire: Heroes,XB,2005.0,Strategy,Deep Silver,0.11,0.03,0.0,0.01,0.15
10560,Penguin no Mondai: The World,DS,2010.0,Adventure,Konami Digital Entertainment,0.0,0.0,0.1,0.0,0.1
14161,Rise of Nations: Rise of Legends,PC,2006.0,Strategy,Microsoft Game Studios,0.0,0.03,0.0,0.01,0.03
10801,Mind Quiz,PSP,2006.0,Action,Ubisoft,0.08,0.01,0.0,0.01,0.1
13608,The Monkey King: The Legend Begins,Wii,2007.0,Shooter,Starfish,0.04,0.0,0.0,0.0,0.04
13568,Pro Evolution Soccer 2016,PC,2015.0,Sports,Konami Digital Entertainment,0.0,0.04,0.0,0.0,0.04
8233,The Chronicles of Narnia: Prince Caspian,PS3,2008.0,Action,Disney Interactive Studios,0.14,0.02,0.0,0.02,0.17
14255,Jewel Master: Cradle of Rome,Wii,2008.0,Puzzle,Rondomedia,0.03,0.0,0.0,0.0,0.03
16454,Shin Koihime Musou: Otome Taisen * Sangokushi Engi,PS3,2014.0,Adventure,Views,0.0,0.0,0.01,0.0,0.01
9803,Killer is Dead,X360,2013.0,Action,Deep Silver,0.08,0.02,0.01,0.01,0.12
10927,Shin Megami Tensei,PS,2001.0,Role-Playing,Atlus,0.0,0.0,0.09,0.01,0.09
8049,How to Train Your Dragon,PS3,2010.0,Action,Activision,0.12,0.04,0.0,0.02,0.18
7745,Ninja Gaiden 3,WiiU,2012.0,Action,Nintendo,0.15,0.03,0.0,0.02,0.19
5647,Street Fighter Alpha 2,SAT,1995.0,Fighting,Virgin Interactive,0.0,0.0,0.32,0.0,0.32
12737,Pro Yaky? Spirits 2012,PSV,2012.0,Sports,Konami Digital Entertainment,0.0,0.0,0.06,0.0,0.06
1920,Doko Demo Issyo,PS,1999.0,Misc,Sony Computer Entertainment,0.0,0.0,1.0,0.07,1.07
9734,M&M's Kart Racing,DS,2008.0,Racing,Zoo Digital Publishing,0.11,0.0,0.0,0.01,0.12
1396,Teenage Mutant Ninja Turtles III: The Manhattan Project,NES,1991.0,Action,Konami Digital Entertainment,1.05,0.17,0.15,0.02,1.39
11760,The History Channel: Battle for the Pacific,PS3,2008.0,Shooter,Activision,0.07,0.0,0.0,0.01,0.07
11309,Wildlife Park 3,PC,2011.0,Simulation,bitComposer Games,0.0,0.07,0.0,0.02,0.08
10956,The Idolmaster: Platinum Stars,PS4,2016.0,Simulation,Namco Bandai Games,0.0,0.0,0.09,0.0,0.09
15026,Brothers in Arms: Hell's Highway,PC,2008.0,Shooter,Ubisoft,0.0,0.02,0.0,0.0,0.02
4127,Skylanders: SuperChargers,WiiU,2015.0,Action,Activision,0.25,0.18,0.0,0.04,0.48
13014,WRC 5: FIA World Rally Championship,PS4,2015.0,Sports,Bigben Interactive,0.0,0.04,0.0,0.01,0.05
4527,Spec Ops: The Line,X360,2012.0,Shooter,Take-Two Interactive,0.21,0.19,0.0,0.04,0.43
43,Mario Kart 7,3DS,2011.0,Racing,Nintendo,4.74,3.91,2.67,0.89,12.21
5491,Legends of Wrestling II,PS2,2002.0,Fighting,Acclaim Entertainment,0.16,0.13,0.0,0.04,0.33
16160,King of Fighters 2002: Unlimited Match Tougeki Ver.,PS2,2010.0,Fighting,SNK Playmore,0.0,0.0,0.01,0.0,0.01
6150,Beyblade: Metal Masters,DS,2010.0,Action,Konami Digital Entertainment,0.16,0.1,0.0,0.03,0.28
16351,Dungeons & Dragons: Neverwinter Nights - Complete,PC,2011.0,Misc,Atari,0.01,0.0,0.0,0.0,0.01
3527,No More Heroes,Wii,2007.0,Action,Rising Star Games,0.3,0.17,0.04,0.05,0.57
3468,World Cup 98,N64,1998.0,Sports,Electronic Arts,0.14,0.4,0.0,0.04,0.58
15839,The Dark Hills of Cherai,PC,2009.0,Puzzle,Unknown,0.0,0.01,0.0,0.0,0.02
5216,MechAssault 2: Lone Wolf,XB,2004.0,Simulation,Microsoft Game Studios,0.27,0.08,0.0,0.01,0.36
2126,Madden NFL 10,PS2,2009.0,Sports,Electronic Arts,0.88,0.0,0.0,0.1,0.98
6669,Midway's Greatest Arcade Hits,GBA,2001.0,Misc,Midway Games,0.18,0.07,0.0,0.0,0.25
4153,Karate,2600,,Fighting,Ultravision,0.44,0.03,0.0,0.0,0.47
3445,Tokimeki Memorial: Forever with You,PS,1995.0,Simulation,Konami Digital Entertainment,0.0,0.0,0.55,0.04,0.58
9848,IndyCar Series,PS2,2003.0,Racing,Codemasters,0.06,0.05,0.0,0.02,0.12
11991,Samurai Warriors,XB,2004.0,Action,Tecmo Koei,0.05,0.02,0.0,0.0,0.07
16214,Tomoyo After: It's a Wonderful Life CS Edition,PS2,2007.0,Adventure,Prototype,0.0,0.0,0.01,0.0,0.01
15622,"Shounen Onmyouji: Tsubasa Yoima, Ten e Kaere",PS2,2007.0,Adventure,Kadokawa Shoten,0.0,0.0,0.02,0.0,0.02
3599,Frontlines: Fuel of War,X360,2008.0,Shooter,THQ,0.34,0.15,0.01,0.05,0.56
467,WWE SmackDown! Shut Your Mouth,PS2,2002.0,Sports,THQ,1.45,1.13,0.07,0.38,3.02
7188,Bust-A-Move 4,PS,1998.0,Puzzle,Acclaim Entertainment,0.12,0.08,0.0,0.01,0.22
13636,Myth Makers: Trixie in Toyland,Wii,2008.0,Platform,Popcorn Arcade,0.04,0.0,0.0,0.0,0.04
3738,SSX Tricky,GC,2001.0,Sports,Electronic Arts,0.42,0.11,0.0,0.01,0.54
5952,Batman: The Brave and the Bold the Videogame,Wii,2010.0,Action,Warner Bros. Interactive Entertainment,0.22,0.06,0.0,0.02,0.3
7480,Dawn of Discovery,Wii,2009.0,Simulation,Ubisoft,0.13,0.06,0.0,0.02,0.21
6378,Superbike 2000,PS,1999.0,Racing,Electronic Arts,0.15,0.1,0.0,0.02,0.27
8573,Doctor Who: Evacuation Earth,DS,2010.0,Adventure,Asylum Entertainment,0.0,0.14,0.0,0.02,0.16
15098,Kawasaki Jet Ski,Wii,2008.0,Racing,Metro 3D,0.02,0.0,0.0,0.0,0.02
12806,V-Rally 3,PS2,2002.0,Racing,Atari,0.03,0.02,0.0,0.01,0.06
744,Star Wars: Knights of the Old Republic,XB,2003.0,Role-Playing,Activision,1.68,0.44,0.0,0.08,2.19
8353,Jikkyou Powerful Pro Yakyuu 2013,PSP,2013.0,Sports,Konami Digital Entertainment,0.0,0.0,0.17,0.0,0.17
70,Gran Turismo 2,PS,1999.0,Racing,Sony Computer Entertainment,3.88,3.42,1.69,0.5,9.49
272,Uncharted 4: A Thief's End,PS4,2016.0,Shooter,Sony Computer Entertainment,1.3,2.07,0.18,0.65,4.2
16566,Mortal Kombat: Deadly Alliance,GBA,2002.0,Fighting,Midway Games,0.01,0.0,0.0,0.0,0.01
13501,Resident Evil 6,PC,2012.0,Shooter,Capcom,0.0,0.04,0.0,0.01,0.04
12415,Giants: Citizen Kabuto,PS2,2001.0,Shooter,Interplay,0.03,0.02,0.0,0.01,0.06
12082,Ken to Mahou to Gakuen Mono. 3,PS3,2010.0,Role-Playing,Acquire,0.0,0.0,0.07,0.0,0.07
12354,Deathrow: Underground Team Combat,XB,2002.0,Sports,Ubisoft,0.05,0.01,0.0,0.0,0.06
9412,My Baby: First Steps,Wii,2009.0,Simulation,SouthPeak Games,0.12,0.0,0.0,0.01,0.13
11971,Theme Park,DS,2007.0,Simulation,Electronic Arts,0.0,0.03,0.03,0.0,0.07
582,Mario Strikers Charged,Wii,2007.0,Sports,Nintendo,1.07,1.06,0.24,0.25,2.62
1770,Sonic and the Black Knight,Wii,2009.0,Platform,Sega,0.69,0.35,0.01,0.11,1.15
11773,Gundam Battle Tactics,PSP,2005.0,Action,Namco Bandai Games,0.0,0.0,0.07,0.0,0.07
14364,The Legend of Heroes III: Song of the Ocean,PSP,2006.0,Role-Playing,Namco Bandai Games,0.03,0.0,0.0,0.0,0.03
13439,Ape Escape,PS3,2010.0,Platform,Sony Computer Entertainment,0.0,0.03,0.0,0.01,0.05
4800,WipeOut 3 The Game,Wii,2012.0,Action,Activision,0.38,0.0,0.0,0.03,0.4
13099,Kinnikuman Muscle Grand Prix Max,PS2,2006.0,Fighting,Konami Digital Entertainment,0.0,0.0,0.05,0.0,0.05
14945,Umineko no Naku Koro ni San: Shinjitsu to Gensou no Yasoukyoku,PS3,,Adventure,,0.0,0.0,0.02,0.0,0.02
390,Final Fantasy III,SNES,1994.0,Role-Playing,SquareSoft,0.86,0.0,2.55,0.02,3.42
16536,Metal Gear Solid HD Edition,X360,2011.0,Action,Konami Digital Entertainment,0.0,0.0,0.01,0.0,0.01
11138,Little League World Series Baseball: Double Play,Wii,2010.0,Sports,Activision,0.08,0.0,0.0,0.01,0.09
374,Assassin's Creed: Brotherhood,X360,2010.0,Action,Ubisoft,2.84,0.39,0.03,0.24,3.5
3659,Derby Stallion 04,PS2,2004.0,Sports,Enterbrain,0.0,0.0,0.55,0.0,0.55
2006,Project CARS,PS4,2015.0,Racing,Slightly Mad Studios,0.17,0.69,0.02,0.15,1.04
11052,Batman Beyond: Return of the Joker,N64,2000.0,Action,Ubisoft,0.07,0.02,0.0,0.0,0.09
13894,Richard Burns Rally,PC,2004.0,Racing,SCi,0.0,0.03,0.0,0.01,0.04
11996,Crime Lab: Body of Evidence,DS,2010.0,Adventure,City Interactive,0.05,0.01,0.0,0.0,0.07
6646,Tony Hawk's Proving Ground,Wii,2007.0,Sports,Activision,0.22,0.01,0.0,0.02,0.25
8396,Disney Golf,PS2,2002.0,Sports,Electronic Arts,0.07,0.06,0.02,0.02,0.17
1091,Disney's DuckTales,NES,1989.0,Platform,Capcom,0.91,0.3,0.42,0.04,1.67
6110,SingStar Country,PS2,2008.0,Misc,Sony Computer Entertainment,0.14,0.11,0.0,0.04,0.28
13415,Wrath Unleashed,XB,2004.0,Strategy,LucasArts,0.03,0.01,0.0,0.0,0.05
221,Crash Team Racing,PS,1999.0,Racing,Sony Computer Entertainment,2.57,1.57,0.44,0.21,4.79
12680,The Amazing Spider-Man 2 (2014),WiiU,2014.0,Action,Activision,0.03,0.02,0.0,0.0,0.06
3651,Extermination,PS2,2001.0,Action,Sony Computer Entertainment,0.21,0.16,0.12,0.05,0.55
14753,Gotcha Force,GC,2003.0,Shooter,Capcom,0.01,0.0,0.01,0.0,0.03
8203,NFL 2K2,XB,2002.0,Sports,Sega,0.13,0.04,0.0,0.01,0.18
9675,Criticom,PS,1996.0,Fighting,Vic Tokai,0.07,0.05,0.0,0.01,0.12
5365,Avatar: The Last Airbender - The Burning Earth,DS,2007.0,Action,THQ,0.31,0.0,0.0,0.03,0.34
11379,Bejeweled 3,PC,2010.0,Puzzle,PopCap Games,0.02,0.05,0.0,0.01,0.08
5312,Need for Speed Carbon,GC,2006.0,Racing,Electronic Arts,0.27,0.07,0.0,0.01,0.35
766,R.C. Pro-Am,NES,1988.0,Racing,Nintendo,1.47,0.38,0.19,0.1,2.14
11050,Golden Nugget 64,N64,1998.0,Misc,Electronic Arts,0.07,0.02,0.0,0.0,0.09
9357,Retro Atari Classics,DS,2005.0,Misc,Atari,0.12,0.0,0.0,0.01,0.13
10397,Kuroko's Basketball: Miracle Game,PSP,2012.0,Sports,Namco Bandai Games,0.0,0.0,0.11,0.0,0.11
4804,Gauntlet: Seven Sorrows,PS2,2005.0,Role-Playing,Midway Games,0.2,0.15,0.0,0.05,0.4
5011,Shin Megami Tensei: Devil Summoner,SAT,1995.0,Role-Playing,Atlus,0.0,0.0,0.38,0.0,0.38
15519,Battle Spirits: Kiseki no Hasha,PSP,2009.0,Role-Playing,Namco Bandai Games,0.0,0.0,0.02,0.0,0.02
6492,Hey Arnold! The Movie,GBA,2002.0,Platform,THQ,0.19,0.07,0.0,0.0,0.26
16559,Super Robot Taisen: Original Generation,GBA,2002.0,Role-Playing,Banpresto,0.01,0.0,0.0,0.0,0.01
15484,Agatha Christie's The ABC Murders,PS4,2016.0,Adventure,Microids,0.01,0.01,0.0,0.0,0.02
7301,Sniper: Ghost Warrior 2,X360,2013.0,Shooter,City Interactive,0.06,0.13,0.0,0.02,0.22
8213,Petz: Horseshoe Ranch,DS,2009.0,Adventure,Ubisoft,0.16,0.0,0.0,0.01,0.17
7398,Bass Pro Shops: The Strike,X360,2009.0,Sports,XS Games,0.2,0.0,0.0,0.02,0.21
10067,Cold Winter,PS2,2005.0,Shooter,Vivendi Games,0.06,0.04,0.0,0.01,0.11
6618,Crusaders of Might and Magic,PS,1999.0,Role-Playing,3DO,0.14,0.1,0.0,0.02,0.25
6518,Etrian Odyssey Untold: The Millennium Girl,3DS,2013.0,Role-Playing,Atlus,0.1,0.01,0.14,0.01,0.26
7403,Wedding Dash,DS,2009.0,Action,Zoo Games,0.2,0.0,0.0,0.01,0.21
14305,GunGriffon: Allied Strike,XB,2004.0,Simulation,Microsoft Game Studios,0.02,0.01,0.0,0.0,0.03
14194,Electroplankton,DS,2005.0,Misc,Nintendo,0.01,0.0,0.02,0.0,0.03
6611,Combination Pro Soccer: J-League no Kantoku ni Natte Sekai wo Mezase!!,PS,1998.0,Sports,Axela,0.0,0.0,0.24,0.02,0.25
2276,AMF Bowling Pinbusters!,Wii,2007.0,Sports,Bethesda Softworks,0.85,0.0,0.0,0.07,0.91
12777,"Tennis no Oji-Sama: Doubles no Oji-Sama - Girls, Be Gracious!",DS,2009.0,Sports,Konami Digital Entertainment,0.0,0.0,0.06,0.0,0.06
7060,Neopets Puzzle Adventure,Wii,2008.0,Puzzle,Capcom,0.19,0.02,0.0,0.02,0.23
15041,Steins;Gate: Senkei Kousoku no Phonogram,X360,2013.0,Adventure,5pb,0.0,0.0,0.02,0.0,0.02
13103,Jim Henson's Muppets in Spy Muppets: License to Croak,GBA,2003.0,Action,TDK Mediactive,0.04,0.01,0.0,0.0,0.05
13699,Catwoman,GBA,2004.0,Action,Electronic Arts,0.03,0.01,0.0,0.0,0.04
8533,Crash Tag Team Racing,GC,2005.0,Racing,Vivendi Games,0.12,0.03,0.0,0.0,0.16
6638,Triple Play 2002,XB,2002.0,Sports,Electronic Arts,0.19,0.05,0.0,0.01,0.25
8232,Open Season,GC,2006.0,Platform,Ubisoft,0.13,0.03,0.0,0.0,0.17
15371,Meitantei Conan: Kieta Hakase to Machigai Sagashi no Tou,DS,2008.0,Adventure,Namco Bandai Games,0.0,0.0,0.02,0.0,0.02
1174,Jampack Summer 2K,PS,2000.0,Misc,Sony Computer Entertainment,0.88,0.6,0.0,0.1,1.58
978,Just Cause 2,PS3,2010.0,Action,Square Enix,0.45,0.94,0.06,0.33,1.78
8155,Velvet Assassin,X360,2009.0,Shooter,DTP Entertainment,0.14,0.02,0.01,0.01,0.18
11106,No More Heroes: Red Zone,PS3,2011.0,Action,Marvelous Interactive,0.0,0.0,0.09,0.0,0.09
7389,Senran Kagura 2: Deep Crimson,3DS,2014.0,Action,Marvelous Entertainment,0.09,0.03,0.08,0.01,0.21
6212,Danganronpa Another Episode: Ultra Despair Girls,PSV,2014.0,Action,Nippon Ichi Software,0.1,0.03,0.12,0.04,0.28
14293,Flipper Critters,DS,2007.0,Simulation,Conspiracy Entertainment,0.03,0.0,0.0,0.0,0.03
2590,Star Wars: The Force Unleashed II,Wii,2010.0,Action,LucasArts,0.54,0.19,0.0,0.06,0.8
13856,Hyperdimension Neptunia Victory II,PS4,2015.0,Role-Playing,Idea Factory International,0.0,0.0,0.04,0.0,0.04
915,Yu-Gi-Oh! Forbidden Memories,PS,1999.0,Role-Playing,Konami Digital Entertainment,1.37,0.44,0.0,0.08,1.88
12621,Tabi no Yubisashi Kaiwachou DS: DS Series 3 Kankoku,DS,2006.0,Misc,Nintendo,0.0,0.0,0.06,0.0,0.06
10631,L'Aigle de Guerre,GBA,2001.0,Strategy,Nintendo,0.0,0.0,0.1,0.0,0.1
6853,Dragon Ball Z: Sagas,XB,2005.0,Fighting,Atari,0.18,0.05,0.0,0.01,0.24
10701,Scribblenauts Unmasked: A DC Comics Adventure,3DS,2013.0,Puzzle,Warner Bros. Interactive Entertainment,0.09,0.0,0.0,0.01,0.1
15799,NHL 16,X360,2015.0,Sports,Electronic Arts,0.0,0.02,0.0,0.0,0.02
5328,The Tale of Despereaux,PS2,2008.0,Platform,Brash Entertainment,0.17,0.13,0.0,0.04,0.35
213,LEGO Star Wars: The Complete Saga,DS,2007.0,Action,LucasArts,2.89,1.54,0.0,0.46,4.9
1024,Diablo III,PS4,2014.0,Role-Playing,Activision,0.49,0.88,0.06,0.3,1.74
15231,The Fast and the Furious,PSP,2007.0,Racing,Deep Silver,0.02,0.0,0.0,0.0,0.02
15201,Darksiders,PS3,2010.0,Action,THQ,0.01,0.01,0.0,0.0,0.02
8259,Squeeballs Party,DS,2009.0,Puzzle,Performance Designed Products,0.16,0.0,0.0,0.01,0.17
5358,Dynasty Warriors 5 Empires,PS2,2006.0,Action,Tecmo Koei,0.11,0.09,0.12,0.03,0.34
5363,Classic NES Series: Ice Climber,GBA,2004.0,Platform,Nintendo,0.1,0.04,0.2,0.01,0.34
5137,Barbie Horse Adventures: Blue Ribbon Race,GBA,2003.0,Sports,Knowledge Adventure,0.26,0.1,0.0,0.01,0.37
3887,International Track & Field,PS,1996.0,Sports,Konami Digital Entertainment,0.08,0.05,0.35,0.03,0.51
3839,Metal Gear Solid 2: Substance,PS2,2002.0,Action,Konami Digital Entertainment,0.18,0.14,0.16,0.05,0.52
3133,Sengoku Basara: Samurai Heroes,PS3,2010.0,Action,Capcom,0.17,0.04,0.4,0.03,0.65
13255,Treasure Report: Kikai Jikake no Isan,DS,2011.0,Adventure,Namco Bandai Games,0.0,0.0,0.05,0.0,0.05
5233,James Bond 007: Legends,PS3,2012.0,Shooter,Activision,0.11,0.17,0.0,0.07,0.36
16562,Sugar + Spice! Anoko no Suteki na Nanimokamo,PS2,2008.0,Adventure,Alchemist,0.0,0.0,0.01,0.0,0.01
10827,Kiniro no Corda 3,PSP,2010.0,Adventure,Tecmo Koei,0.0,0.0,0.09,0.0,0.09
9185,Lips: I Love The 80s,X360,2010.0,Misc,Microsoft Game Studios,0.0,0.12,0.0,0.02,0.14
8200,Namco Museum: 50th Anniversary,XB,2005.0,Misc,Namco Bandai Games,0.13,0.04,0.0,0.01,0.18
15995,Bomberman (jp sales),PSP,2006.0,Puzzle,Konami Digital Entertainment,0.0,0.0,0.01,0.0,0.01
10400,Shovel Knight,WiiU,2015.0,Platform,Yacht Club Games,0.06,0.04,0.0,0.01,0.11
12973,Game no Kanzume Vol 2,SCD,1994.0,Misc,Sega,0.0,0.0,0.05,0.0,0.05
3717,Def Jam: Fight for NY,XB,,Fighting,Electronic Arts,0.43,0.1,0.0,0.02,0.54
7210,Nicktoons Collection: Game Boy Advance Video Volume 2,GBA,2004.0,Misc,,0.16,0.06,0.0,0.0,0.22
11721,Divinity II: Ego Draconis,PC,2009.0,Role-Playing,DTP Entertainment,0.01,0.05,0.0,0.01,0.08
2345,Dissidia 012: Duodecim Final Fantasy,PSP,2011.0,Fighting,Square Enix,0.21,0.13,0.46,0.08,0.89
12364,Meitantei Conan: Aoki Houseki no Rinbukyoku,DS,2011.0,Adventure,Namco Bandai Games,0.0,0.0,0.06,0.0,0.06
4740,Densha De Go! 2,PS,1999.0,Simulation,Taito,0.0,0.0,0.38,0.03,0.41
2599,Dragon Ball Z: Budokai Tenkaichi 2,PS2,2006.0,Fighting,Atari,0.66,0.02,0.0,0.11,0.79
15528,Teenage Mutant Ninja Turtles Double Pack,GBA,2006.0,Action,Konami Digital Entertainment,0.01,0.0,0.0,0.0,0.02
16380,Fullmetal Alchemist: Trading Card Game,DS,2007.0,Misc,Destineer,0.01,0.0,0.0,0.0,0.01
14372,Guilty Gear XX Accent Core Plus,Wii,2009.0,Fighting,PQube,0.01,0.02,0.0,0.0,0.03
8872,Rocky,XB,2002.0,Fighting,Rage Software,0.11,0.03,0.0,0.01,0.15
14257,Beastly,Wii,2011.0,Misc,Unknown,0.03,0.0,0.0,0.0,0.03
9547,Jissen Pachi-Slot Hisshouhou! Aladdin II Evolution,PS2,2005.0,Misc,Sega,0.0,0.0,0.13,0.0,0.13
666,Madden NFL 08,X360,2007.0,Sports,Electronic Arts,2.18,0.01,0.0,0.18,2.37
9699,Solitaire & Mahjong,Wii,2009.0,Puzzle,Crave Entertainment,0.11,0.0,0.0,0.01,0.12
15740,Otometeki Koi Kakumei * Love Revo!! DS,DS,2008.0,Adventure,GungHo,0.0,0.0,0.02,0.0,0.02
8146,Race Pro,X360,2009.0,Racing,Atari,0.06,0.09,0.0,0.02,0.18
13370,Mafia,PC,2002.0,Action,Take-Two Interactive,0.0,0.04,0.0,0.01,0.05
9927,The Walking Dead: Survival Instinct,WiiU,2013.0,Shooter,Activision,0.08,0.03,0.0,0.01,0.12
843,Call of Duty 2,X360,2005.0,Shooter,Activision,1.81,0.05,0.01,0.15,2.02
430,Super Mario Maker,WiiU,2015.0,Platform,Nintendo,1.18,0.87,0.93,0.2,3.18
6405,NBA ShootOut 2001,PS,2000.0,Sports,Sony Computer Entertainment,0.15,0.1,0.0,0.02,0.27
7480,Dawn of Discovery,Wii,2009.0,Simulation,Ubisoft,0.13,0.06,0.0,0.02,0.21
7744,The King of Fighters XI,PS2,2006.0,Fighting,Ignition Entertainment,0.07,0.06,0.04,0.02,0.19
15761,Hands On! Tangrams,DS,2009.0,Puzzle,Storm City Games,0.02,0.0,0.0,0.0,0.02
2867,Resident Evil: Survivor,PS,2000.0,Action,Eidos Interactive,0.23,0.15,0.29,0.05,0.71
5819,Yuu Yuu Hakusho 2: Kakutou no Sho,SNES,1994.0,Fighting,Namco Bandai Games,0.0,0.0,0.31,0.0,0.31
8511,Godzilla Unleashed,Wii,2007.0,Fighting,Atari,0.15,0.0,0.0,0.01,0.16
1817,The Beatles: Rock Band,PS3,2009.0,Misc,MTV Games,0.67,0.3,0.0,0.15,1.13
15298,Casper: Spirit Dimensions,GC,2002.0,Platform,TDK Mediactive,0.02,0.0,0.0,0.0,0.02
4128,Viva Pinata: Trouble in Paradise,X360,2008.0,Simulation,Microsoft Game Studios,0.16,0.25,0.01,0.05,0.48
13580,SX Superstar,XB,2003.0,Racing,Acclaim Entertainment,0.03,0.01,0.0,0.0,0.04
11611,Imagine: My Restaurant,DS,2009.0,Simulation,Ubisoft,0.0,0.07,0.0,0.01,0.08
3795,Sonic & All-Stars Racing Transformed,WiiU,2012.0,Racing,Sega,0.2,0.27,0.02,0.05,0.53
7306,Herdy Gerdy,PS2,2002.0,Adventure,Eidos Interactive,0.11,0.08,0.0,0.03,0.22
13074,Kart Racer,Wii,2009.0,Racing,Nordic Games,0.03,0.01,0.0,0.0,0.05
14699,Super Duper Sumos,GBA,,Action,Unknown,0.02,0.01,0.0,0.0,0.03
12683,Jumble Madness,DS,2009.0,Puzzle,Destineer,0.06,0.0,0.0,0.0,0.06
12425,Barbie Horse Adventures: Wild Horse Rescue,XB,2003.0,Sports,Vivendi Games,0.05,0.01,0.0,0.0,0.06
7770,The Sims 4: Get Together,PC,2015.0,Simulation,Electronic Arts,0.05,0.13,0.0,0.01,0.19
4980,Phantasy Star Ø,DS,2008.0,Role-Playing,Sega,0.16,0.0,0.2,0.01,0.38
5824,Ultimate Spider-Man,GBA,2005.0,Action,Activision,0.22,0.08,0.0,0.01,0.3
723,Spyro: Season of Ice,GBA,2001.0,Platform,Vivendi Games,1.29,0.83,0.0,0.11,2.23
7136,Legion: The Legend of Excalibur,PS2,2002.0,Action,Midway Games,0.11,0.09,0.0,0.03,0.22
14968,Chili Con Carnage,PSP,2007.0,Shooter,Eidos Interactive,0.0,0.02,0.0,0.01,0.02
10989,Disney's The Haunted Mansion,XB,2003.0,Platform,Take-Two Interactive,0.07,0.02,0.0,0.0,0.09
3040,007: Quantum of Solace,Wii,2008.0,Action,Activision,0.3,0.29,0.01,0.07,0.67
12285,Western Riding Academy,DS,2010.0,Simulation,Destineer,0.06,0.0,0.0,0.0,0.06
619,LEGO Harry Potter: Years 1-4,Wii,2010.0,Action,Warner Bros. Interactive Entertainment,1.29,0.97,0.0,0.23,2.49
8856,Oreshika: Tainted Bloodlines,PSV,2014.0,Role-Playing,Sony Computer Entertainment,0.0,0.0,0.15,0.0,0.15
3671,Soccer Tsuku 2002: J-League Pro Soccer Club o Tsukurou!,PS2,2002.0,Sports,Sega,0.0,0.0,0.55,0.0,0.55
13478,Disney's Donald Duck: Goin' Quackers,GC,2002.0,Platform,Ubisoft,0.03,0.01,0.0,0.0,0.04
5581,Teenage Mutant Ninja Turtles 2: Battle Nexus,GBA,2004.0,Action,Konami Digital Entertainment,0.23,0.09,0.0,0.01,0.32
8123,Marvel Super Hero Squad: Comic Combat,X360,2011.0,Action,THQ,0.13,0.04,0.0,0.01,0.18
9333,Spy Hunter 2,XB,2003.0,Racing,Midway Games,0.1,0.03,0.0,0.0,0.13
4897,Mobile Suit Gundam: Lost War Chronicles,PS2,2002.0,Shooter,Namco Bandai Games,0.0,0.0,0.39,0.0,0.39
8912,Battle Stadium D.O.N,PS2,2006.0,Fighting,Namco Bandai Games,0.0,0.0,0.15,0.0,0.15
14351,Sorcery Saga: The Curse of the Great Curry God,PSV,2013.0,Role-Playing,Rising Star Games,0.0,0.0,0.03,0.0,0.03
2813,NCAA Football 07,X360,2006.0,Sports,Electronic Arts,0.67,0.0,0.0,0.06,0.73
7637,Ford Racing Off Road,PS2,2008.0,Racing,Xplosiv,0.1,0.08,0.0,0.03,0.2
7378,G.I. Joe: The Rise of Cobra,PS3,2009.0,Action,Electronic Arts,0.11,0.07,0.0,0.03,0.21
4837,Hot Wheels: Beat That!,PS2,2007.0,Racing,Activision,0.2,0.15,0.0,0.05,0.4
124,Red Dead Redemption,PS3,2010.0,Action,Take-Two Interactive,2.79,2.61,0.17,1.03,6.6
10066,Ring of Red,PS2,2000.0,Strategy,Konami Digital Entertainment,0.06,0.04,0.0,0.01,0.11
7530,Dark Messiah of Might and Magic Elements,X360,2008.0,Role-Playing,Ubisoft,0.16,0.02,0.01,0.02,0.2
10617,Kelly Slater's Pro Surfer,XB,2002.0,Sports,Activision,0.08,0.02,0.0,0.0,0.1
5796,The King of Fighters XIII,PS3,2011.0,Fighting,Rising Star Games,0.17,0.07,0.04,0.03,0.31
158,Super Smash Bros.,N64,1999.0,Fighting,Nintendo,2.95,0.6,1.97,0.04,5.55
1974,Arc the Lad II,PS,1996.0,Role-Playing,Sony Computer Entertainment,0.0,0.0,0.92,0.13,1.05
2098,Midnight Club: LA Remix,PSP,2008.0,Racing,Take-Two Interactive,0.52,0.28,0.0,0.19,0.99
2404,Vagrant Story,PS,2000.0,Role-Playing,Crave Entertainment,0.3,0.2,0.3,0.06,0.87
15631,Rising Zan: The Samurai Gunman,PS,1998.0,Action,Agetec,0.01,0.01,0.0,0.0,0.02
14607,Power Poke Dash,GBA,2006.0,Sports,Konami Digital Entertainment,0.0,0.0,0.03,0.0,0.03
14792,NHL 07,XB,2006.0,Sports,Electronic Arts,0.02,0.01,0.0,0.0,0.03
3245,Wild ARMs 3,PS2,2002.0,Role-Playing,Ubisoft,0.16,0.13,0.29,0.04,0.62
5881,Romance of the Three Kingdoms VIII,PS2,2002.0,Strategy,Tecmo Koei,0.05,0.04,0.19,0.01,0.3
7307,Armored Core V,X360,2012.0,Simulation,Namco Bandai Games,0.13,0.03,0.04,0.01,0.22
7300,Shrek SuperSlam,GC,2005.0,Action,Activision,0.17,0.04,0.0,0.01,0.22
7504,Enchanted Arms,PS3,2007.0,Role-Playing,Ubisoft,0.17,0.01,0.0,0.02,0.2
6862,Harvest Moon: Another Wonderful Life,GC,2004.0,Role-Playing,Marvelous Interactive,0.19,0.05,0.0,0.01,0.24
6249,Dead Rising 2: Off the Record,X360,2011.0,Action,Capcom,0.17,0.09,0.0,0.02,0.28
2430,Skate 2,PS3,2009.0,Sports,Electronic Arts,0.46,0.26,0.01,0.12,0.85
415,Monster Hunter X,3DS,2015.0,Action,Capcom,0.25,0.19,2.78,0.04,3.26
11977,Shounen Sunday x Shounen Magazine: Nettou! Dream Nine,DS,2009.0,Sports,Konami Digital Entertainment,0.0,0.0,0.07,0.0,0.07
15510,Sengoku Basara: Sanada Yukimura-Den,PS3,2016.0,Action,Capcom,0.0,0.0,0.02,0.0,0.02
435,Club Penguin: Elite Penguin Force,DS,2008.0,Adventure,Disney Interactive Studios,1.88,0.98,0.0,0.3,3.16
12614,Lord of Magna: Maiden Heaven,3DS,2014.0,Role-Playing,Marvelous Entertainment,0.0,0.0,0.06,0.0,0.06
11190,Samurai Warriors 2: Xtreme Legends,PS2,2007.0,Action,Tecmo Koei,0.04,0.03,0.0,0.01,0.09
13768,Antz Extreme Racing,PS2,2002.0,Racing,Empire Interactive,0.02,0.02,0.0,0.01,0.04
5823,Magna Carta 2,X360,2009.0,Role-Playing,Banpresto,0.13,0.08,0.07,0.02,0.3
14753,Gotcha Force,GC,2003.0,Shooter,Capcom,0.01,0.0,0.01,0.0,0.03
13094,Super Heroine Chronicle,PSV,2014.0,Role-Playing,Namco Bandai Games,0.0,0.0,0.05,0.0,0.05
15364,Prehistorik Man,GBA,2001.0,Platform,THQ,0.01,0.01,0.0,0.0,0.02
342,Banjo-Kazooie,N64,1998.0,Platform,Nintendo,1.87,1.13,0.55,0.1,3.65
7795,Rock Band Country Track Pack,PS3,2009.0,Misc,MTV Games,0.18,0.0,0.0,0.01,0.19
10164,Pinball Hall of Fame: The Williams Collection,PSP,2008.0,Misc,System 3 Arcade Software,0.09,0.01,0.0,0.01,0.11
7447,StokEd,X360,2009.0,Sports,Zushi Games,0.18,0.01,0.0,0.01,0.21
16500,Snood 2: On Vacation,GBA,2005.0,Puzzle,Zoo Digital Publishing,0.01,0.0,0.0,0.0,0.01
6387,Dora the Explorer: Dora Saves the Crystal Kingdom,Wii,2009.0,Misc,Take-Two Interactive,0.24,0.01,0.0,0.02,0.27
9633,NBA Ballers: Phenom,XB,2006.0,Sports,Midway Games,0.09,0.03,0.0,0.0,0.13
2897,Two Worlds,X360,2007.0,Role-Playing,SouthPeak Games,0.41,0.23,0.0,0.07,0.71
9624,Zenses: Ocean,DS,2008.0,Puzzle,Game Factory,0.11,0.01,0.0,0.01,0.13
3685,American Idol,PS2,2003.0,Misc,Codemasters,0.27,0.21,0.0,0.07,0.55
9672,NHL 2K7,PS3,2006.0,Sports,Take-Two Interactive,0.11,0.0,0.0,0.01,0.12
14069,Sega Arcade Gallery,GBA,2003.0,Misc,THQ,0.03,0.01,0.0,0.0,0.04
15975,Scared Rider Xechs,PS2,2010.0,Adventure,RED Entertainment,0.0,0.0,0.02,0.0,0.02
14343,Exstetra,PSV,2013.0,Role-Playing,FuRyu,0.0,0.0,0.03,0.0,0.03
5755,Jikkyou Powerful Pro Yakyuu 4,N64,1997.0,Sports,Konami Digital Entertainment,0.0,0.0,0.26,0.05,0.31
11648,Salon Superstar,DS,2009.0,Simulation,505 Games,0.07,0.0,0.0,0.0,0.08
15267,Shinken de Watashi ni Koi Shinasai! R,PS3,2012.0,Action,Minato Station,0.0,0.0,0.02,0.0,0.02
4939,Jampack Winter 2003 (RP-T),PS2,2003.0,Misc,Sony Computer Entertainment,0.19,0.15,0.0,0.05,0.39
14638,Stellaris,PC,2016.0,Strategy,Paradox Interactive,0.0,0.03,0.0,0.0,0.03
13010,Tiny Toon Adventures: Toonenstein - Dare to Scare,PS,1998.0,Action,Swing! Entertainment,0.03,0.02,0.0,0.0,0.05
13327,Raze's Hell,XB,2005.0,Shooter,Majesco Entertainment,0.04,0.01,0.0,0.0,0.05
1669,LEGO Star Wars III: The Clone Wars,PS3,2011.0,Action,LucasArts,0.52,0.49,0.0,0.2,1.2
7597,Front Mission Evolved,X360,2010.0,Shooter,Square Enix,0.1,0.07,0.02,0.02,0.2
13364,TMNT,DS,2007.0,Action,Ubisoft,0.03,0.01,0.0,0.0,0.05
5330,Karaoke Revolution,PS2,2003.0,Misc,Konami Digital Entertainment,0.17,0.13,0.0,0.04,0.35
6024,Jikkyou Powerful Pro Yakyuu 8,PS2,2001.0,Sports,Konami Digital Entertainment,0.0,0.0,0.29,0.0,0.29
9132,Bravo Air Race,PS,1997.0,Racing,THQ,0.08,0.05,0.0,0.01,0.14
3771,Conflict: Vietnam,PS2,2004.0,Shooter,SCi,0.26,0.2,0.0,0.07,0.53
8966,"NewU Fitness First Mind Body, Yoga & Pilates Workout",Wii,2010.0,Sports,Black Bean Games,0.12,0.02,0.0,0.01,0.15
12882,Famicom Mini: Dig Dug,GBA,2004.0,Puzzle,Namco Bandai Games,0.0,0.0,0.05,0.0,0.05
3347,Disney Infinity,WiiU,2013.0,Action,Disney Interactive Studios,0.33,0.22,0.0,0.05,0.6
9975,Yattaman DS: BikkuriDokkiri Daisakusen da Koron,DS,2008.0,Action,Takara Tomy,0.0,0.0,0.12,0.0,0.12
9475,Under Night In-Birth,PS3,2014.0,Fighting,Nippon Ichi Software,0.06,0.02,0.04,0.02,0.13
8827,Kids Learn Math: A+ Edition,DS,2011.0,Misc,Unknown,0.14,0.0,0.0,0.01,0.15
6023,Fast Food,2600,1981.0,Action,Unknown,0.27,0.02,0.0,0.0,0.29
7719,UFC: Tapout,XB,2002.0,Fighting,Crave Entertainment,0.14,0.05,0.0,0.01,0.2
3348,The Golden Compass,Wii,,Action,Sega,0.26,0.28,0.0,0.07,0.6
9693,Tom Clancy's Splinter Cell Trilogy,PS3,2011.0,Action,Ubisoft,0.0,0.1,0.0,0.03,0.12
611,Game Party,Wii,2007.0,Misc,Midway Games,1.5,0.78,0.0,0.24,2.52
16459,Art Academy: Home Studio,WiiU,2015.0,Misc,Nintendo,0.0,0.0,0.01,0.0,0.01
2900,NBA Live 09,X360,2008.0,Sports,Electronic Arts,0.5,0.14,0.0,0.07,0.71
345,Gran Turismo 6,PS3,2013.0,Racing,Sony Computer Entertainment,0.71,1.8,0.4,0.74,3.64
7028,Ultimate Band,DS,2008.0,Misc,Disney Interactive Studios,0.19,0.02,0.0,0.02,0.23
7165,Ben 10 Ultimate Alien: Cosmic Destruction,PS2,2010.0,Platform,D3Publisher,0.13,0.06,0.0,0.04,0.22
644,Minecraft,XOne,2014.0,Misc,Microsoft Game Studios,1.43,0.76,0.0,0.22,2.41
8236,Backyard Sports Football: Rookie Rush,DS,2010.0,Sports,Atari,0.16,0.0,0.0,0.01,0.17
912,Madden NFL 09,PS3,2008.0,Sports,Electronic Arts,1.56,0.15,0.0,0.18,1.89
9886,Jeremy McGrath Supercross World,GC,2002.0,Racing,Acclaim Entertainment,0.09,0.02,0.0,0.0,0.12
3450,Romancing SaGa,PS2,2005.0,Role-Playing,Square Enix,0.06,0.04,0.47,0.01,0.58
1432,Yoshi's New Island,3DS,2014.0,Platform,Nintendo,0.47,0.51,0.28,0.09,1.36
15927,RollerCoaster Tycoon: Gold Edition,PC,2002.0,Strategy,Infogrames,0.01,0.0,0.0,0.0,0.02
16339,Nakayoshi All-Stars: Mezase Gakuen Idol,DS,2008.0,Misc,Creative Core,0.0,0.0,0.01,0.0,0.01
16549,Hyakki Yagyou Kaidan Romance,PSP,2012.0,Action,Quinrose,0.0,0.0,0.01,0.0,0.01
15104,Crazy Machines,Wii,2010.0,Puzzle,DTP Entertainment,0.01,0.01,0.0,0.0,0.02
9640,Transformer: Rise of the Dark Spark,PS3,2014.0,Action,Activision,0.04,0.05,0.01,0.02,0.13
6777,Jikkyou Powerful Pro Yakyuu 2001,PS,2001.0,Sports,Konami Digital Entertainment,0.0,0.0,0.23,0.02,0.24
13637,NatGeo Challenge! Wild Life,Wii,2010.0,Misc,Black Bean Games,0.04,0.0,0.0,0.0,0.04
7485,CSI: Deadly Intent,X360,2009.0,Adventure,Ubisoft,0.1,0.08,0.0,0.02,0.21
8822,Hidden Mysteries: Salem Secrets - Witch Trials of 1692,DS,2010.0,Puzzle,Astragon,0.09,0.04,0.0,0.01,0.15
1688,Nuclear Strike,PS,1997.0,Simulation,Electronic Arts,0.66,0.45,0.0,0.08,1.19
6758,Disney's A Christmas Carol,DS,2009.0,Adventure,Disney Interactive Studios,0.22,0.01,0.0,0.02,0.25
11542,Looney Tunes: Galactic Sports,PSV,2015.0,Action,Sony Computer Entertainment,0.0,0.06,0.0,0.02,0.08
9212,Reality Fighters,PSV,2012.0,Fighting,Sony Computer Entertainment,0.06,0.06,0.0,0.03,0.14
1005,Madden NFL 2000,PS,1998.0,Sports,Electronic Arts,1.68,0.04,0.0,0.04,1.75
3030,The LEGO Movie Videogame,PS4,2014.0,Action,Warner Bros. Interactive Entertainment,0.24,0.31,0.01,0.11,0.67
11244,Ys VIII: Lacrimosa of Dana,PSV,2016.0,Role-Playing,Nihon Falcom Corporation,0.0,0.0,0.09,0.0,0.09
11412,Ice Age 2: The Meltdown,Wii,2006.0,Platform,Vivendi Games,0.06,0.01,0.0,0.01,0.08
16247,Valentino Rossi: The Game,PC,2016.0,Racing,Namco Bandai Games,0.0,0.01,0.0,0.0,0.01
7784,Great Phoenix Wright: Ace Attorney - Naruhodou Ryuunosuke no Bouken,3DS,2015.0,Action,Capcom,0.0,0.0,0.19,0.0,0.19
12284,Aggressive Inline,XB,2002.0,Sports,Acclaim Entertainment,0.05,0.01,0.0,0.0,0.06
7500,The King of Fighters '95,NG,1995.0,Fighting,SNK,0.0,0.0,0.2,0.0,0.2
11420,Slayers Royal,PS,1998.0,Role-Playing,Kadokawa Shoten,0.0,0.0,0.08,0.01,0.08
2948,Shrek the Third,X360,2007.0,Action,Activision,0.54,0.1,0.0,0.06,0.69
833,Rayman Raving Rabbids: TV Party,Wii,2008.0,Misc,Ubisoft,0.73,1.09,0.0,0.23,2.04
16201,AKB1/48: Idol to Guam de Koishitara...,X360,,Misc,,0.0,0.0,0.01,0.0,0.01
8419,WRC 2: FIA World Rally Championship,PS3,2011.0,Racing,Ubisoft,0.0,0.13,0.0,0.04,0.17
6207,UEFA Euro 2016,PS4,2016.0,Sports,Konami Digital Entertainment,0.0,0.21,0.03,0.03,0.28
12616,Dance Sensation!,Wii,2010.0,Misc,Majesco Entertainment,0.06,0.0,0.0,0.0,0.06
2996,Need for Speed (2015),XOne,2015.0,Racing,Electronic Arts,0.3,0.33,0.0,0.06,0.68
3484,NBA 2K7,X360,2006.0,Sports,Take-Two Interactive,0.53,0.0,0.0,0.04,0.58
26,Pokemon Ruby/Pokemon Sapphire,GBA,2002.0,Role-Playing,Nintendo,6.06,3.9,5.38,0.5,15.85
3502,Ratchet & Clank: Quest for Booty,PS3,2008.0,Platform,Sony Computer Entertainment,0.0,0.53,0.0,0.04,0.58
4649,Castlevania: Curse of Darkness,PS2,2005.0,Action,Konami Digital Entertainment,0.18,0.14,0.05,0.05,0.42
2921,The Sims 3,DS,2010.0,Simulation,Electronic Arts,0.39,0.25,0.0,0.06,0.7
4719,LEGO Jurassic World,PSV,2015.0,Action,Warner Bros. Interactive Entertainment,0.09,0.23,0.0,0.09,0.41
7501,Discovery Kids: Pony Paradise,DS,2009.0,Simulation,505 Games,0.19,0.0,0.0,0.01,0.2
4509,NiGHTS into dreams...,SAT,1996.0,Platform,Sega,0.0,0.0,0.43,0.0,0.43
15920,Violet no Atelier: Gramnad no Renkinjutsushi 2 - Gunjou no Omoide,PSP,2011.0,Role-Playing,Gust,0.0,0.0,0.02,0.0,0.02
9238,4x4 EVO 2,GC,2002.0,Racing,Vivendi Games,0.11,0.03,0.0,0.0,0.14
8032,de Blob 2,Wii,2011.0,Platform,THQ,0.11,0.06,0.0,0.02,0.18
12071,Famicom Mini: Wrecking Crew,GBA,2004.0,Puzzle,Nintendo,0.0,0.0,0.07,0.0,0.07
6449,Battlestations: Midway,X360,2007.0,Strategy,Eidos Interactive,0.21,0.02,0.0,0.02,0.26
2963,Assassin's Creed IV: Black Flag,PC,2013.0,Action,Ubisoft,0.22,0.38,0.0,0.1,0.69
7710,Tom and Jerry in House Trap,PS,2000.0,Action,Ubisoft,0.11,0.07,0.0,0.01,0.2
10884,Adventure Time: Finn & Jake Investigations,X360,2015.0,Action,Little Orbit,0.02,0.06,0.0,0.01,0.09
7417,Gex 3: Deep Cover Gecko,N64,1999.0,Platform,Crave Entertainment,0.17,0.04,0.0,0.0,0.21
4650,Tom Clancy's HAWX 2,PS3,2010.0,Action,Ubisoft,0.21,0.12,0.03,0.05,0.42
4282,Momotarou Dentetsu 11,PS2,2002.0,Misc,Hudson Soft,0.0,0.0,0.46,0.0,0.46
5995,NBA Live 06,X360,2005.0,Sports,Electronic Arts,0.27,0.0,0.0,0.02,0.29
11933,Kane & Lynch 2: Dog Days,PC,2010.0,Shooter,Square Enix,0.0,0.06,0.0,0.01,0.07
7239,Touch the Dead,DS,2007.0,Shooter,Eidos Interactive,0.2,0.0,0.0,0.02,0.22
1717,Sonic the Hedgehog,PS3,2006.0,Platform,Sega,0.41,0.07,0.04,0.66,1.18
12759,Kid Fit Island Resort,Wii,2010.0,Sports,Avanquest,0.05,0.0,0.0,0.0,0.06
3251,Tiger Woods PGA Tour 2004,XB,2003.0,Sports,Electronic Arts,0.47,0.13,0.0,0.02,0.62
12224,C: The Contra Adventure,PS,1998.0,Shooter,Konami Digital Entertainment,0.04,0.02,0.0,0.0,0.07
10743,Zoo Tycoon (2013),X360,2013.0,Simulation,Microsoft Game Studios,0.02,0.07,0.0,0.01,0.1
1422,LEGO Harry Potter: Years 1-4,PS3,2010.0,Action,Warner Bros. Interactive Entertainment,0.55,0.6,0.0,0.22,1.37
13953,Teenage Zombies: Invasion of the Alien Brain Thingys,DS,2008.0,Adventure,Ignition Entertainment,0.03,0.0,0.0,0.0,0.04
15891,Worldwide Soccer Manager 2006,PC,2004.0,Sports,Sega,0.0,0.01,0.0,0.0,0.02
3483,Dragon Ball Z: Chou Saiya Densetsu,SNES,1992.0,Role-Playing,Namco Bandai Games,0.0,0.0,0.58,0.0,0.58
3731,Middle-Earth: Shadow of Mordor,X360,2014.0,Action,Warner Bros. Interactive Entertainment,0.28,0.21,0.0,0.05,0.54
8185,ESPN X Games Skateboarding,GBA,2001.0,Sports,Konami Digital Entertainment,0.13,0.05,0.0,0.0,0.18
11316,Monster Jam: Path of Destruction,PSP,2010.0,Racing,Activision,0.07,0.0,0.0,0.01,0.08
4898,Disney's Brother Bear,GBA,2003.0,Action,THQ,0.28,0.1,0.0,0.01,0.39
3161,Nicktoons Collection: Game Boy Advance Video Volume 1,GBA,2004.0,Misc,,0.46,0.17,0.0,0.01,0.64
14046,Barbie and Her Sisters Puppy Rescue,3DS,2015.0,Action,Namco Bandai Games,0.0,0.03,0.0,0.0,0.04
9017,Rayman 3,GBA,2003.0,Platform,Ubisoft,0.1,0.04,0.0,0.0,0.14
7143,Sword Art Online: Infinity Moment,PSP,2013.0,Role-Playing,Namco Bandai Games,0.0,0.0,0.22,0.0,0.22
5839,Trauma Center: New Blood,Wii,2007.0,Simulation,Nintendo,0.22,0.04,0.01,0.03,0.3
15364,Prehistorik Man,GBA,2001.0,Platform,THQ,0.01,0.01,0.0,0.0,0.02
15064,Mage Knight: Destiny's Soldier,DS,2006.0,Strategy,Namco Bandai Games,0.02,0.0,0.0,0.0,0.02
12152,James Bond 007: Blood Stone,DS,2010.0,Shooter,Activision,0.05,0.01,0.0,0.0,0.07
15011,George of the Jungle and the Search for the Secret,Wii,2008.0,Platform,Ignition Entertainment,0.02,0.0,0.0,0.0,0.02
6661,Dynasty Warriors 6 (JP sales),PS2,2008.0,Action,Tecmo Koei,0.0,0.0,0.25,0.0,0.25
505,Colin McRae Rally,PS,1998.0,Racing,Codemasters,0.09,2.43,0.12,0.22,2.87
6743,Dreamworks Madagascar Kartz,X360,2009.0,Racing,Activision,0.14,0.09,0.0,0.02,0.25
5202,Kirby's Dream Land 3,SNES,1997.0,Platform,Nintendo,0.0,0.0,0.36,0.0,0.36
16,Kinect Adventures!,X360,2010.0,Misc,Microsoft Game Studios,14.97,4.94,0.24,1.67,21.82
832,Dance Central 2,X360,2011.0,Misc,Microsoft Game Studios,1.45,0.42,0.01,0.16,2.04
12540,Worldwide Soccer,SAT,1994.0,Sports,Sega,0.0,0.0,0.06,0.0,0.06
3721,Kidou Senshi Gundam: Extreme VS,PS3,2011.0,Fighting,Namco Bandai Games,0.0,0.0,0.54,0.0,0.54
2671,Boxing,2600,1980.0,Fighting,Activision,0.72,0.04,0.0,0.01,0.77
10629,Alien Hominid,PS2,2004.0,Shooter,Zoo Digital Publishing,0.05,0.04,0.0,0.01,0.1
13802,Rollin' Rascals,DS,2009.0,Puzzle,Rising Star Games,0.04,0.0,0.0,0.0,0.04
5608,Batman: Arkham Asylum,PC,2009.0,Action,Eidos Interactive,0.0,0.27,0.0,0.05,0.32
7291,Order Up!,Wii,2008.0,Misc,Zoo Digital Publishing,0.19,0.01,0.0,0.02,0.22
1149,Far Cry 4,XOne,2014.0,Shooter,Ubisoft,0.79,0.68,0.01,0.13,1.61
8597,Dragon Ball: Origins 2,DS,2010.0,Action,Namco Bandai Games,0.05,0.02,0.08,0.01,0.16
2539,Super Bomberman 2,SNES,1994.0,Puzzle,Hudson Soft,0.0,0.0,0.81,0.0,0.81
13713,Winning Post World 2010,PS3,2010.0,Sports,Tecmo Koei,0.0,0.0,0.04,0.0,0.04
13073,Over the Hedge: Hammy Goes Nuts!,PSP,2006.0,Platform,Activision,0.05,0.0,0.0,0.0,0.05
2098,Midnight Club: LA Remix,PSP,2008.0,Racing,Take-Two Interactive,0.52,0.28,0.0,0.19,0.99
8263,The Secret World,PC,2012.0,Role-Playing,Funcom,0.07,0.08,0.0,0.02,0.17
10128,Gem Quest: 4 Elements,DS,2011.0,Puzzle,Mastertronic,0.05,0.05,0.0,0.01,0.11
7336,Backyard NFL Football '09,Wii,2008.0,Sports,Atari,0.2,0.0,0.0,0.02,0.21
9543,Shin Megami Tensei: Digital Devil Saga,PS2,2004.0,Role-Playing,Ghostlight,0.06,0.05,0.0,0.02,0.13
9843,MTV Sports: Pure Ride,PS,2000.0,Sports,THQ,0.07,0.05,0.0,0.01,0.12
5556,Dragon Ball Z: Extreme Butoden,3DS,2015.0,Fighting,Namco Bandai Games,0.12,0.03,0.16,0.02,0.33
6227,Indiana Jones and the Staff of Kings,PS2,2009.0,Action,Activision,0.11,0.01,0.0,0.16,0.28
15308,Rugby League Team Manager 2015,PC,2015.0,Action,Alternative Software,0.0,0.02,0.0,0.0,0.02
16478,Space Raiders,GC,2003.0,Shooter,Taito,0.01,0.0,0.0,0.0,0.01
2119,Driver: San Francisco,PS3,2011.0,Racing,Ubisoft,0.24,0.54,0.01,0.18,0.98
15243,Ryu-koku,PS2,2006.0,Adventure,KID,0.0,0.0,0.02,0.0,0.02
6624,Surfing H3O,PS2,2000.0,Sports,Take-Two Interactive,0.12,0.1,0.0,0.03,0.25
16403,Pro Evolution Soccer 2010,PC,2009.0,Sports,Konami Digital Entertainment,0.0,0.01,0.0,0.0,0.01
2538,Tales of Destiny II,PS,2000.0,Role-Playing,Namco Bandai Games,0.06,0.04,0.66,0.05,0.81
8771,The Terminator: Dawn of Fate,XB,2002.0,Action,Atari,0.11,0.03,0.0,0.01,0.15
7403,Wedding Dash,DS,2009.0,Action,Zoo Games,0.2,0.0,0.0,0.01,0.21
7976,Harry Potter: Quidditch World Cup,XB,2003.0,Sports,Electronic Arts,0.14,0.04,0.0,0.01,0.19
7714,Jikkyou Powerful Pro Yakyuu 2011,PSP,2011.0,Sports,Konami Digital Entertainment,0.0,0.0,0.2,0.0,0.2
7481,BeyBlade VForce: Super Tournament Battle,GC,2002.0,Action,Atari,0.16,0.04,0.0,0.01,0.21
5594,Shin Megami Tensei: Devil Survivor 2,DS,2011.0,Role-Playing,Ghostlight,0.17,0.01,0.12,0.01,0.32
7099,Tiger Woods PGA Tour 2003,GC,2002.0,Sports,Electronic Arts,0.18,0.05,0.0,0.01,0.23
9801,Yard Sale Hidden Treasures: Sunnyville,DS,2010.0,Puzzle,Konami Digital Entertainment,0.11,0.0,0.0,0.01,0.12
10010,Dead Man's Hand,XB,2004.0,Shooter,Atari,0.09,0.02,0.0,0.0,0.11
6807,The Incredible Hulk,DS,2008.0,Action,Sega,0.22,0.0,0.0,0.02,0.24
705,Borderlands 2,PS3,2012.0,Shooter,Take-Two Interactive,1.05,0.77,0.1,0.36,2.28
11105,Mad Dog McCree: Gunslinger Pack,Wii,2009.0,Shooter,Majesco Entertainment,0.08,0.0,0.0,0.01,0.09
11595,Boku no Natsuyasumi 3: Hokkoku Hen: Chiisana Boku no Dai Sougen​,PS3,2007.0,Adventure,Sony Computer Entertainment,0.0,0.0,0.08,0.0,0.08
9725,Puzzle Quest: Challenge of the Warlords,PS2,2007.0,Puzzle,D3Publisher,0.06,0.05,0.0,0.02,0.12
3013,Lollipop Chainsaw,PS3,2012.0,Action,Warner Bros. Interactive Entertainment,0.26,0.21,0.11,0.09,0.67
16484,Dengeki Gakuen RPG: Cross of Venus Special,DS,2011.0,Role-Playing,ASCII Media Works,0.0,0.0,0.01,0.0,0.01
4729,Dig Dug,NES,1985.0,Puzzle,Namco Bandai Games,0.0,0.0,0.41,0.0,0.41
3578,Hotel Dusk: Room 215,DS,2007.0,Adventure,Nintendo,0.27,0.05,0.22,0.03,0.56
860,Dragon Age: Inquisition,PS4,2014.0,Role-Playing,Electronic Arts,0.72,0.86,0.08,0.32,1.97
4328,The Powerpuff Girls: Relish Rampage,PS2,2002.0,Action,BAM! Entertainment,0.22,0.17,0.0,0.06,0.45
11577,Drama Queens,DS,2009.0,Misc,Majesco Entertainment,0.07,0.0,0.0,0.01,0.08
11198,My Make-Up,DS,2008.0,Misc,Oxygen Interactive,0.08,0.0,0.0,0.01,0.09
14616,Buffy the Vampire Slayer: Wrath of the Darkhul King,GBA,2003.0,Action,THQ,0.02,0.01,0.0,0.0,0.03
7709,The Thing,XB,2002.0,Adventure,Vivendi Games,0.15,0.04,0.0,0.01,0.2
11878,Disney's Donald Duck Advance,GBA,2001.0,Platform,Ubisoft,0.05,0.02,0.0,0.0,0.07
13546,Painkiller: Hell & Damnation,PS3,2013.0,Shooter,Nordic Games,0.02,0.02,0.0,0.01,0.04
4843,SpongeBob's Truth or Square (US sales),Wii,2009.0,Action,THQ,0.38,0.01,0.0,0.0,0.4
5577,Overlord II,X360,2009.0,Action,Codemasters,0.15,0.14,0.0,0.03,0.32
13093,Marriage Royale: Prism Story,PSP,2010.0,Adventure,ASCII Media Works,0.0,0.0,0.05,0.0,0.05
14532,Star Wars: The Force Unleashed II,PC,2010.0,Action,LucasArts,0.03,0.0,0.0,0.0,0.03
14669,Ride,PC,2015.0,Racing,Milestone S.r.l.,0.0,0.03,0.0,0.0,0.03
1802,Need for Speed Underground 2,GC,2004.0,Racing,Electronic Arts,0.7,0.39,0.01,0.03,1.14
83,FIFA Soccer 13,PS3,2012.0,Action,Electronic Arts,1.06,5.05,0.13,2.01,8.24
4632,Disney Infinity 2.0: Marvel Super Heroes,XOne,2014.0,Action,Disney Interactive Studios,0.24,0.15,0.0,0.03,0.42
15512,Mushihimesama,X360,2012.0,Action,Cave,0.0,0.0,0.02,0.0,0.02
318,Namco Museum Vol.1,PS,1995.0,Misc,Sony Computer Entertainment,2.12,1.44,0.22,0.06,3.84
14328,Onna no Ko to Misshitsu ni Itara **shichau Kamoshirenai,3DS,2012.0,Adventure,D3Publisher,0.0,0.0,0.03,0.0,0.03
16160,King of Fighters 2002: Unlimited Match Tougeki Ver.,PS2,2010.0,Fighting,SNK Playmore,0.0,0.0,0.01,0.0,0.01
9864,The Bible Game,GBA,2005.0,Misc,Crave Entertainment,0.09,0.03,0.0,0.0,0.12
6009,Dolphin,2600,1983.0,Action,Activision,0.27,0.02,0.0,0.0,0.29
14651,Tago Akira no Atama no Taisou Dai-2-Shuu: Ginga Oudan Nazotoki Adventure,DS,2009.0,Adventure,Level 5,0.0,0.0,0.03,0.0,0.03
3796,Spider-Man,N64,2000.0,Action,Activision,0.43,0.09,0.0,0.01,0.53
11371,Game of Thrones,PC,2012.0,Role-Playing,Focus Home Interactive,0.0,0.07,0.0,0.01,0.08
10026,Family Game Night 4: The Game Show,PS3,2011.0,Misc,Electronic Arts,0.08,0.02,0.0,0.01,0.11
14088,Painkiller: Hell Wars,XB,2006.0,Shooter,DreamCatcher Interactive,0.03,0.01,0.0,0.0,0.04
4931,Madden NFL 2005,GBA,2004.0,Sports,Electronic Arts,0.28,0.1,0.0,0.01,0.39
9123,Cabela's Outdoor Adventures (2009),PS2,2009.0,Sports,Activision Value,0.07,0.05,0.0,0.02,0.14
13271,Ship Simulator Extremes,PC,2010.0,Simulation,Paradox Interactive,0.0,0.04,0.0,0.01,0.05
2991,Mercenaries: Playground of Destruction,XB,2005.0,Action,LucasArts,0.54,0.11,0.0,0.03,0.68
12929,Doraemon 2: Nobita no Toizurando Daibouken,SNES,1993.0,Role-Playing,Epoch,0.0,0.0,0.05,0.0,0.05
4421,The Thing,PS2,2002.0,Adventure,Vivendi Games,0.22,0.17,0.0,0.06,0.44
1153,Far Cry 2,X360,2008.0,Action,Ubisoft,0.71,0.69,0.02,0.18,1.6
860,Dragon Age: Inquisition,PS4,2014.0,Role-Playing,Electronic Arts,0.72,0.86,0.08,0.32,1.97
6433,Scene It? Twilight,Wii,2009.0,Misc,Konami Digital Entertainment,0.16,0.08,0.0,0.02,0.27
7490,Need for Speed Carbon: Own the City,DS,2006.0,Racing,Electronic Arts,0.17,0.02,0.0,0.02,0.21
13592,SPRay,Wii,2008.0,Action,Tecmo Koei,0.04,0.0,0.0,0.0,0.04
10497,Revolution X,PS,1995.0,Shooter,Acclaim Entertainment,0.06,0.04,0.0,0.01,0.1
11990,MLB Front Office Manager,X360,2009.0,Sports,Take-Two Interactive,0.06,0.0,0.0,0.01,0.07
7738,Iron Chef America: Supreme Cuisine,DS,2008.0,Simulation,Destineer,0.18,0.0,0.0,0.01,0.19
1222,The Simpsons Game,DS,2007.0,Action,Electronic Arts,0.57,0.79,0.0,0.17,1.53
7238,Dragon Ball: Origins (JP & incomplete US sales),DS,2008.0,Adventure,Atari,0.04,0.0,0.17,0.0,0.22
13558,Record of Agarest War: Marriage,PSP,2012.0,Role-Playing,Compile Heart,0.0,0.0,0.04,0.0,0.04
1138,Mario Hoops 3 on 3,DS,2006.0,Sports,Nintendo,0.99,0.04,0.49,0.1,1.62
1642,F1 2011,PS3,2011.0,Racing,Codemasters,0.12,0.75,0.11,0.25,1.22
2850,Driver: San Francisco,X360,2011.0,Racing,Ubisoft,0.25,0.39,0.0,0.08,0.72
16132,Umineko no Naku Koro ni Portable 1,PSP,2011.0,Adventure,Alchemist,0.0,0.0,0.01,0.0,0.01
3001,Fight Night 2004,XB,2004.0,Fighting,Electronic Arts,0.51,0.15,0.0,0.02,0.68
10114,Samurai Warriors 4-II,PS4,2015.0,Action,Tecmo Koei,0.03,0.02,0.06,0.01,0.11
8371,Disney's Planes,Wii,2013.0,Simulation,Disney Interactive Studios,0.08,0.07,0.0,0.02,0.17
6017,Angry Birds Star Wars,X360,2013.0,Strategy,Activision,0.16,0.11,0.0,0.03,0.29
4977,Saints Row IV,PS4,2015.0,Action,Deep Silver,0.13,0.17,0.03,0.06,0.38
13437,Mighty No. 9,PS4,2016.0,Platform,Deep Silver,0.04,0.0,0.0,0.01,0.05
2918,NCAA Football 98,PS,1997.0,Sports,Electronic Arts,0.39,0.27,0.0,0.05,0.7
11985,Caesars Palace Advance: Millennium Gold Edition,GBA,2001.0,Misc,Majesco Entertainment,0.05,0.02,0.0,0.0,0.07
7983,La Pucelle: Tactics,PS2,2002.0,Role-Playing,Tecmo Koei,0.09,0.07,0.0,0.02,0.19
8707,Ultimate Spider-Man,DS,2005.0,Action,Activision,0.14,0.0,0.0,0.01,0.16
13599,"Negima!? Chou Mahora Taisen Kattoiin, Keiyaku Shikkou Dechai masuu",DS,2006.0,Adventure,Marvelous Interactive,0.0,0.0,0.04,0.0,0.04
9281,Cruise Ship Vacation Games,Wii,2009.0,Puzzle,Avanquest,0.13,0.0,0.0,0.01,0.14
11402,Pinobee: Wings of Adventure,GBA,2001.0,Platform,Hudson Entertainment,0.06,0.02,0.0,0.0,0.08
7156,G-Force,PS3,2009.0,Action,Disney Interactive Studios,0.13,0.06,0.0,0.03,0.22
5223,Teenage Mutant Ninja Turtles: Smash-Up,Wii,2009.0,Fighting,Ubisoft,0.33,0.0,0.0,0.03,0.36
3345,NBA 2K8,PS2,2007.0,Sports,Take-Two Interactive,0.5,0.02,0.0,0.08,0.6
7574,Captain America: Super Soldier,PS3,2011.0,Action,Sega,0.1,0.07,0.0,0.03,0.2
1665,Test Drive 4,PS,1997.0,Racing,Electronic Arts,0.67,0.46,0.0,0.08,1.21
7738,Iron Chef America: Supreme Cuisine,DS,2008.0,Simulation,Destineer,0.18,0.0,0.0,0.01,0.19
12345,Tom Clancy's Splinter Cell: Pandora Tomorrow,GBA,2004.0,Action,Ubisoft,0.05,0.02,0.0,0.0,0.06
7910,Pet Zombies,3DS,,Simulation,Majesco Entertainment,0.18,0.0,0.0,0.01,0.19
8423,Nobunaga no Yabou: Tenshoki,SNES,1996.0,Strategy,Tecmo Koei,0.0,0.0,0.17,0.0,0.17
4042,Mobile Suit Gundam Seed Destiny: Rengou vs. Z.A.F.T. II Plus,PS2,2006.0,Shooter,Namco Bandai Games,0.0,0.0,0.49,0.0,0.49
13793,CSI: Fatal Conspiracy,PC,2010.0,Adventure,Ubisoft,0.0,0.03,0.0,0.01,0.04
16048,Guitar Hero III: Legends of Rock,PC,2007.0,Misc,Aspyr,0.01,0.0,0.0,0.0,0.01
9806,X2: Wolverine's Revenge,GC,2003.0,Platform,Activision,0.09,0.02,0.0,0.0,0.12
15962,Technic Beat,PS2,2002.0,Misc,Arika,0.01,0.01,0.0,0.0,0.02
4984,Shin Megami Tensei: Nocturne,PS2,2003.0,Role-Playing,Ghostlight,0.07,0.05,0.25,0.02,0.38
10545,Inazuma Eleven GO Strikers 2013,Wii,2012.0,Role-Playing,Level 5,0.0,0.0,0.1,0.0,0.1
7034,Ultimate Duck Hunting: Hunting & Retrieving Ducks,Wii,2007.0,Sports,Detn8 Games,0.21,0.0,0.0,0.02,0.23
23,Super Mario Bros. 3,NES,1988.0,Platform,Nintendo,9.54,3.44,3.84,0.46,17.28
12520,The Legend of Heroes VII: The Trail of Blue,PSV,2014.0,Role-Playing,Nihon Falcom Corporation,0.0,0.0,0.06,0.0,0.06
896,The Legend of Zelda: Oracle of Ages,GB,2001.0,Action,Nintendo,0.92,0.53,0.41,0.06,1.92
9722,All Kamen Rider: Rider Generation,DS,2011.0,Action,Namco Bandai Games,0.0,0.0,0.12,0.0,0.12
11048,Saikyou Habu Shogi,N64,1996.0,Misc,Seta Corporation,0.0,0.0,0.06,0.03,0.09
526,Star Wars: The Force Unleashed,X360,2008.0,Action,LucasArts,1.74,0.8,0.0,0.26,2.8
10815,MindJack,X360,2011.0,Shooter,Square Enix,0.07,0.02,0.0,0.01,0.1
2994,Bushido Blade 2,PS,1998.0,Fighting,SquareSoft,0.25,0.17,0.22,0.04,0.68
4301,Puzzle & Dragons Z + Super Mario Bros. Edition,3DS,2015.0,Puzzle,Nintendo,0.05,0.05,0.34,0.01,0.46
7832,Binary Domain,X360,2012.0,Action,Sega,0.09,0.07,0.02,0.02,0.19
13105,LEGO The Hobbit,PC,2014.0,Action,Warner Bros. Interactive Entertainment,0.0,0.04,0.0,0.01,0.05
12476,Super Robot Wars OG Saga Masou Kishin F: Coffin of the End,PS3,2014.0,Strategy,Namco Bandai Games,0.0,0.0,0.06,0.0,0.06
5827,Shrek Swamp Kart Speedway,GBA,2002.0,Racing,TDK Mediactive,0.22,0.08,0.0,0.01,0.3
2906,Tony Hawk's Underground,GC,2003.0,Sports,Activision,0.54,0.14,0.0,0.02,0.7
7312,Blue Dragon Plus,DS,2008.0,Role-Playing,Ignition Entertainment,0.12,0.04,0.05,0.01,0.22
7532,Midnight Club 3: DUB Edition Remix,XB,2006.0,Racing,Take-Two Interactive,0.15,0.04,0.0,0.01,0.2
8560,Summon Night EX-Thesis: Yoake no Tsubasa,PS2,2005.0,Role-Playing,Banpresto,0.0,0.0,0.16,0.0,0.16
3815,Go Diego Go! Safari Rescue,Wii,2008.0,Action,Take-Two Interactive,0.48,0.01,0.0,0.04,0.53
2718,FIFA 15,Wii,2014.0,Sports,Electronic Arts,0.24,0.46,0.0,0.06,0.76
1093,"Monsters, Inc.",GBA,2001.0,Adventure,THQ,0.59,0.95,0.03,0.1,1.67
967,NBA 2K11,PS3,2010.0,Action,Take-Two Interactive,1.41,0.21,0.03,0.16,1.8
